{
  "phase1": {
    "loss": [
      2.5193686485290527,
      2.2216293811798096,
      2.1453282833099365,
      2.1054608821868896,
      2.0669569969177246,
      2.0640623569488525,
      2.0681068897247314,
      2.059938669204712,
      2.0562832355499268,
      2.0539112091064453,
      2.0395517349243164,
      2.0414857864379883,
      2.0439963340759277,
      2.0382025241851807,
      2.026245355606079,
      2.039689540863037
    ],
    "accuracy": [
      0.2179831862449646,
      0.23210084438323975,
      0.23966386914253235,
      0.24756301939487457,
      0.2610084116458893,
      0.2633613348007202,
      0.2709243595600128,
      0.2648739516735077,
      0.26974791288375854,
      0.2710924446582794,
      0.274621844291687,
      0.2806722819805145,
      0.2783193290233612,
      0.2803361415863037,
      0.27697479724884033,
      0.27529412508010864
    ],
    "val_loss": [
      1.613229751586914,
      1.5559176206588745,
      1.657357096672058,
      1.4679186344146729,
      1.5168609619140625,
      1.559938669204712,
      1.48743736743927,
      1.5101885795593262,
      1.5827264785766602,
      1.491258144378662,
      1.504174828529358,
      1.4863337278366089,
      1.50687575340271,
      1.487613320350647,
      1.4778163433074951,
      1.5156748294830322
    ],
    "val_accuracy": [
      0.2195640653371811,
      0.3312067985534668,
      0.07974481582641602,
      0.2604997456073761,
      0.24880382418632507,
      0.2977139949798584,
      0.35194045305252075,
      0.34928229451179504,
      0.2892078757286072,
      0.2913343906402588,
      0.34768739342689514,
      0.35247209668159485,
      0.40031898021698,
      0.3019670248031616,
      0.3359915018081665,
      0.39393940567970276
    ],
    "lr": [
      0.0010000000474974513,
      0.0010000000474974513,
      0.0010000000474974513,
      0.0010000000474974513,
      0.0010000000474974513,
      0.0010000000474974513,
      0.0010000000474974513,
      0.0010000000474974513,
      0.0010000000474974513,
      0.0010000000474974513,
      0.0005000000237487257,
      0.0005000000237487257,
      0.0005000000237487257,
      0.0005000000237487257,
      0.0005000000237487257,
      0.0005000000237487257
    ]
  },
  "phase2": {
    "loss": [
      2.0463573932647705,
      1.981212854385376,
      1.985742211341858,
      1.9610377550125122,
      1.9508956670761108,
      1.9572029113769531,
      1.9419846534729004,
      1.9446146488189697,
      1.9453351497650146,
      1.919570803642273,
      1.9136244058609009,
      1.9155224561691284,
      1.920085072517395,
      1.9296495914459229,
      1.889220118522644
    ],
    "accuracy": [
      0.27193278074264526,
      0.32420167326927185,
      0.31092438101768494,
      0.31277310848236084,
      0.30924370884895325,
      0.29260504245758057,
      0.3043697476387024,
      0.3199999928474426,
      0.30789914727211,
      0.31663864850997925,
      0.31680673360824585,
      0.31630250811576843,
      0.3289075493812561,
      0.3122689127922058,
      0.3021848797798157
    ],
    "val_loss": [
      1.8880798816680908,
      1.5177496671676636,
      1.541567087173462,
      1.7290059328079224,
      1.5865670442581177,
      1.5547505617141724,
      1.4949716329574585,
      1.4641305208206177,
      2.367048740386963,
      1.4600006341934204,
      1.4564696550369263,
      1.4308218955993652,
      1.7668389081954956,
      1.8165203332901,
      1.5143978595733643
    ],
    "val_accuracy": [
      0.06007442995905876,
      0.26900583505630493,
      0.31419458985328674,
      0.27113237977027893,
      0.28335991501808167,
      0.27644869685173035,
      0.2663476765155792,
      0.28282827138900757,
      0.12971822917461395,
      0.32163742184638977,
      0.2700691223144531,
      0.2977139949798584,
      0.2567782998085022,
      0.31259968876838684,
      0.28282827138900757
    ],
    "lr": [
      9.999999747378752e-06,
      9.999999747378752e-06,
      9.999999747378752e-06,
      9.999999747378752e-06,
      9.999999747378752e-06,
      9.999999747378752e-06,
      9.999999747378752e-06,
      9.999999747378752e-06,
      9.999999747378752e-06,
      9.999999747378752e-06,
      9.999999747378752e-06,
      9.999999747378752e-06,
      9.999999747378752e-06,
      9.999999747378752e-06,
      9.999999747378752e-06
    ]
  },
  "timestamp": "2026-01-18T21:44:59.312283",
  "class_indices": {
    "bacterial_spot_speck": 0,
    "early_blight": 1,
    "healthy": 2,
    "late_blight": 3,
    "septoria_leaf_spot": 4
  },
  "class_weights": {
    "0": 10.0,
    "1": 1.479295154185022,
    "2": 1.172486033519553,
    "3": 1.0,
    "4": 1.0441542288557213
  }
}